<application>
  <component name="LanguageInjectionConfiguration">
    <injection language="XHTML" injector-id="xml">
      <display-name>body</display-name>
      <place><![CDATA[xmlTag().withLocalName(string().equalTo("body")).withNamespace(string().equalTo("http://www.w3.org/1999/html"))]]></place>
    </injection>
    <injection language="CSS" injector-id="xml">
      <display-name>html</display-name>
      <place><![CDATA[xmlTag().withLocalName(string().equalTo("html")).withNamespace(string().equalTo("http://www.w3.org/1999/html"))]]></place>
    </injection>
  </component>
</application>