<application>
  <component name="libraryTable">
    <library name="@types/node" type="javaScript">
      <CLASSES />
      <JAVADOC />
      <SOURCES />
    </library>
    <library name="Python 3.8 (2) interpreter library">
      <CLASSES>
        <root url="file://C:/Python39/DLLs" />
        <root url="file://C:/Python39/Lib" />
        <root url="file://C:/Python39" />
        <root url="file://C:/Python39/Lib/site-packages" />
        <root url="file://$USER_HOME$/AppData/Local/JetBrains/IntelliJIdea2020.1/python_stubs/-797412331" />
        <root url="file://$APPLICATION_PLUGINS_DIR$/python/helpers/python-skeletons" />
        <root url="file://$APPLICATION_PLUGINS_DIR$/python/helpers/typeshed/stdlib/3.7" />
        <root url="file://$APPLICATION_PLUGINS_DIR$/python/helpers/typeshed/stdlib/3" />
        <root url="file://$APPLICATION_PLUGINS_DIR$/python/helpers/typeshed/stdlib/2and3" />
        <root url="file://$APPLICATION_PLUGINS_DIR$/python/helpers/typeshed/third_party/3" />
        <root url="file://$APPLICATION_PLUGINS_DIR$/python/helpers/typeshed/third_party/2and3" />
      </CLASSES>
      <JAVADOC />
      <SOURCES>
        <root url="file://C:/Python39/DLLs" />
        <root url="file://C:/Python39/Lib" />
        <root url="file://C:/Python39" />
        <root url="file://C:/Python39/Lib/site-packages" />
        <root url="file://$USER_HOME$/AppData/Local/JetBrains/IntelliJIdea2020.1/python_stubs/-797412331" />
        <root url="file://$APPLICATION_PLUGINS_DIR$/python/helpers/python-skeletons" />
        <root url="file://$APPLICATION_PLUGINS_DIR$/python/helpers/typeshed/stdlib/3.7" />
        <root url="file://$APPLICATION_PLUGINS_DIR$/python/helpers/typeshed/stdlib/3" />
        <root url="file://$APPLICATION_PLUGINS_DIR$/python/helpers/typeshed/stdlib/2and3" />
        <root url="file://$APPLICATION_PLUGINS_DIR$/python/helpers/typeshed/third_party/3" />
        <root url="file://$APPLICATION_PLUGINS_DIR$/python/helpers/typeshed/third_party/2and3" />
      </SOURCES>
    </library>
    <library name="Python 3.8 interpreter library">
      <CLASSES />
      <JAVADOC />
      <SOURCES />
    </library>
  </component>
</application>