<application>
  <component name="ProjectJdkTable">
    <jdk version="2">
      <name value="JDK_1.8.0" />
      <type value="JavaSDK" />
      <version value="java version &quot;1.8.0_202&quot;" />
      <homePath value="$APPLICATION_HOME_DIR$/jre64" />
      <roots>
        <annotationsPath>
          <root type="composite">
            <root url="jar://$APPLICATION_HOME_DIR$/lib/jdkAnnotations.jar!/" type="simple" />
          </root>
        </annotationsPath>
        <classPath>
          <root type="composite" />
        </classPath>
        <javadocPath>
          <root type="composite">
            <root url="https://docs.oracle.com/javase/8/docs/api/" type="simple" />
          </root>
        </javadocPath>
        <sourcePath>
          <root type="composite" />
        </sourcePath>
      </roots>
      <additional />
    </jdk>
    <jdk version="2">
      <name value="Python 3.8" />
      <type value="Python SDK" />
      <version value="Python 3.9.1" />
      <homePath value="C:\Python39\python.exe" />
      <roots>
        <annotationsPath>
          <root type="composite" />
        </annotationsPath>
        <classPath>
          <root type="composite" />
        </classPath>
        <javadocPath>
          <root type="composite" />
        </javadocPath>
        <sourcePath>
          <root type="composite" />
        </sourcePath>
      </roots>
      <additional />
    </jdk>
    <jdk version="2">
      <name value="Python 3.8 (2)" />
      <type value="Python SDK" />
      <version value="Python 3.9.1" />
      <homePath value="C:\Python39\python.exe" />
      <roots>
        <annotationsPath>
          <root type="composite" />
        </annotationsPath>
        <classPath>
          <root type="composite">
            <root url="file://C:/Python39/DLLs" type="simple" />
            <root url="file://C:/Python39/Lib" type="simple" />
            <root url="file://C:/Python39" type="simple" />
            <root url="file://C:/Python39/Lib/site-packages" type="simple" />
            <root url="file://$USER_HOME$/AppData/Local/JetBrains/IntelliJIdea2020.1/python_stubs/-797412331" type="simple" />
            <root url="file://$APPLICATION_PLUGINS_DIR$/python/helpers/python-skeletons" type="simple" />
            <root url="file://$APPLICATION_PLUGINS_DIR$/python/helpers/typeshed/stdlib/3.7" type="simple" />
            <root url="file://$APPLICATION_PLUGINS_DIR$/python/helpers/typeshed/stdlib/3" type="simple" />
            <root url="file://$APPLICATION_PLUGINS_DIR$/python/helpers/typeshed/stdlib/2and3" type="simple" />
            <root url="file://$APPLICATION_PLUGINS_DIR$/python/helpers/typeshed/third_party/3" type="simple" />
            <root url="file://$APPLICATION_PLUGINS_DIR$/python/helpers/typeshed/third_party/2and3" type="simple" />
          </root>
        </classPath>
        <javadocPath>
          <root type="composite" />
        </javadocPath>
        <sourcePath>
          <root type="composite" />
        </sourcePath>
      </roots>
      <additional />
    </jdk>
    <jdk version="2">
      <name value="openjdk-16" />
      <type value="JavaSDK" />
      <version value="java version &quot;16&quot;" />
      <homePath value="$USER_HOME$/.jdks/openjdk-16" />
      <roots>
        <annotationsPath>
          <root type="composite">
            <root url="jar://$APPLICATION_HOME_DIR$/plugins/java/lib/jdkAnnotations.jar!/" type="simple" />
          </root>
        </annotationsPath>
        <classPath>
          <root type="composite">
            <root url="jrt://C:/Users/79059/.jdks/openjdk-16!/java.base" type="simple" />
            <root url="jrt://C:/Users/79059/.jdks/openjdk-16!/java.compiler" type="simple" />
            <root url="jrt://C:/Users/79059/.jdks/openjdk-16!/java.datatransfer" type="simple" />
            <root url="jrt://C:/Users/79059/.jdks/openjdk-16!/java.desktop" type="simple" />
            <root url="jrt://C:/Users/79059/.jdks/openjdk-16!/java.instrument" type="simple" />
            <root url="jrt://C:/Users/79059/.jdks/openjdk-16!/java.logging" type="simple" />
            <root url="jrt://C:/Users/79059/.jdks/openjdk-16!/java.management" type="simple" />
            <root url="jrt://C:/Users/79059/.jdks/openjdk-16!/java.management.rmi" type="simple" />
            <root url="jrt://C:/Users/79059/.jdks/openjdk-16!/java.naming" type="simple" />
            <root url="jrt://C:/Users/79059/.jdks/openjdk-16!/java.net.http" type="simple" />
            <root url="jrt://C:/Users/79059/.jdks/openjdk-16!/java.prefs" type="simple" />
            <root url="jrt://C:/Users/79059/.jdks/openjdk-16!/java.rmi" type="simple" />
            <root url="jrt://C:/Users/79059/.jdks/openjdk-16!/java.scripting" type="simple" />
            <root url="jrt://C:/Users/79059/.jdks/openjdk-16!/java.se" type="simple" />
            <root url="jrt://C:/Users/79059/.jdks/openjdk-16!/java.security.jgss" type="simple" />
            <root url="jrt://C:/Users/79059/.jdks/openjdk-16!/java.security.sasl" type="simple" />
            <root url="jrt://C:/Users/79059/.jdks/openjdk-16!/java.smartcardio" type="simple" />
            <root url="jrt://C:/Users/79059/.jdks/openjdk-16!/java.sql" type="simple" />
            <root url="jrt://C:/Users/79059/.jdks/openjdk-16!/java.sql.rowset" type="simple" />
            <root url="jrt://C:/Users/79059/.jdks/openjdk-16!/java.transaction.xa" type="simple" />
            <root url="jrt://C:/Users/79059/.jdks/openjdk-16!/java.xml" type="simple" />
            <root url="jrt://C:/Users/79059/.jdks/openjdk-16!/java.xml.crypto" type="simple" />
            <root url="jrt://C:/Users/79059/.jdks/openjdk-16!/jdk.accessibility" type="simple" />
            <root url="jrt://C:/Users/79059/.jdks/openjdk-16!/jdk.attach" type="simple" />
            <root url="jrt://C:/Users/79059/.jdks/openjdk-16!/jdk.charsets" type="simple" />
            <root url="jrt://C:/Users/79059/.jdks/openjdk-16!/jdk.compiler" type="simple" />
            <root url="jrt://C:/Users/79059/.jdks/openjdk-16!/jdk.crypto.cryptoki" type="simple" />
            <root url="jrt://C:/Users/79059/.jdks/openjdk-16!/jdk.crypto.ec" type="simple" />
            <root url="jrt://C:/Users/79059/.jdks/openjdk-16!/jdk.crypto.mscapi" type="simple" />
            <root url="jrt://C:/Users/79059/.jdks/openjdk-16!/jdk.dynalink" type="simple" />
            <root url="jrt://C:/Users/79059/.jdks/openjdk-16!/jdk.editpad" type="simple" />
            <root url="jrt://C:/Users/79059/.jdks/openjdk-16!/jdk.hotspot.agent" type="simple" />
            <root url="jrt://C:/Users/79059/.jdks/openjdk-16!/jdk.httpserver" type="simple" />
            <root url="jrt://C:/Users/79059/.jdks/openjdk-16!/jdk.incubator.foreign" type="simple" />
            <root url="jrt://C:/Users/79059/.jdks/openjdk-16!/jdk.incubator.vector" type="simple" />
            <root url="jrt://C:/Users/79059/.jdks/openjdk-16!/jdk.internal.ed" type="simple" />
            <root url="jrt://C:/Users/79059/.jdks/openjdk-16!/jdk.internal.jvmstat" type="simple" />
            <root url="jrt://C:/Users/79059/.jdks/openjdk-16!/jdk.internal.le" type="simple" />
            <root url="jrt://C:/Users/79059/.jdks/openjdk-16!/jdk.internal.opt" type="simple" />
            <root url="jrt://C:/Users/79059/.jdks/openjdk-16!/jdk.internal.vm.ci" type="simple" />
            <root url="jrt://C:/Users/79059/.jdks/openjdk-16!/jdk.jartool" type="simple" />
            <root url="jrt://C:/Users/79059/.jdks/openjdk-16!/jdk.javadoc" type="simple" />
            <root url="jrt://C:/Users/79059/.jdks/openjdk-16!/jdk.jcmd" type="simple" />
            <root url="jrt://C:/Users/79059/.jdks/openjdk-16!/jdk.jconsole" type="simple" />
            <root url="jrt://C:/Users/79059/.jdks/openjdk-16!/jdk.jdeps" type="simple" />
            <root url="jrt://C:/Users/79059/.jdks/openjdk-16!/jdk.jdi" type="simple" />
            <root url="jrt://C:/Users/79059/.jdks/openjdk-16!/jdk.jdwp.agent" type="simple" />
            <root url="jrt://C:/Users/79059/.jdks/openjdk-16!/jdk.jfr" type="simple" />
            <root url="jrt://C:/Users/79059/.jdks/openjdk-16!/jdk.jlink" type="simple" />
            <root url="jrt://C:/Users/79059/.jdks/openjdk-16!/jdk.jpackage" type="simple" />
            <root url="jrt://C:/Users/79059/.jdks/openjdk-16!/jdk.jshell" type="simple" />
            <root url="jrt://C:/Users/79059/.jdks/openjdk-16!/jdk.jsobject" type="simple" />
            <root url="jrt://C:/Users/79059/.jdks/openjdk-16!/jdk.jstatd" type="simple" />
            <root url="jrt://C:/Users/79059/.jdks/openjdk-16!/jdk.localedata" type="simple" />
            <root url="jrt://C:/Users/79059/.jdks/openjdk-16!/jdk.management" type="simple" />
            <root url="jrt://C:/Users/79059/.jdks/openjdk-16!/jdk.management.agent" type="simple" />
            <root url="jrt://C:/Users/79059/.jdks/openjdk-16!/jdk.management.jfr" type="simple" />
            <root url="jrt://C:/Users/79059/.jdks/openjdk-16!/jdk.naming.dns" type="simple" />
            <root url="jrt://C:/Users/79059/.jdks/openjdk-16!/jdk.naming.rmi" type="simple" />
            <root url="jrt://C:/Users/79059/.jdks/openjdk-16!/jdk.net" type="simple" />
            <root url="jrt://C:/Users/79059/.jdks/openjdk-16!/jdk.nio.mapmode" type="simple" />
            <root url="jrt://C:/Users/79059/.jdks/openjdk-16!/jdk.sctp" type="simple" />
            <root url="jrt://C:/Users/79059/.jdks/openjdk-16!/jdk.security.auth" type="simple" />
            <root url="jrt://C:/Users/79059/.jdks/openjdk-16!/jdk.security.jgss" type="simple" />
            <root url="jrt://C:/Users/79059/.jdks/openjdk-16!/jdk.unsupported" type="simple" />
            <root url="jrt://C:/Users/79059/.jdks/openjdk-16!/jdk.unsupported.desktop" type="simple" />
            <root url="jrt://C:/Users/79059/.jdks/openjdk-16!/jdk.xml.dom" type="simple" />
            <root url="jrt://C:/Users/79059/.jdks/openjdk-16!/jdk.zipfs" type="simple" />
          </root>
        </classPath>
        <javadocPath>
          <root type="composite" />
        </javadocPath>
        <sourcePath>
          <root type="composite">
            <root url="jar://$USER_HOME$/.jdks/openjdk-16/lib/src.zip!/java.se" type="simple" />
            <root url="jar://$USER_HOME$/.jdks/openjdk-16/lib/src.zip!/jdk.jdi" type="simple" />
            <root url="jar://$USER_HOME$/.jdks/openjdk-16/lib/src.zip!/jdk.jfr" type="simple" />
            <root url="jar://$USER_HOME$/.jdks/openjdk-16/lib/src.zip!/jdk.net" type="simple" />
            <root url="jar://$USER_HOME$/.jdks/openjdk-16/lib/src.zip!/java.rmi" type="simple" />
            <root url="jar://$USER_HOME$/.jdks/openjdk-16/lib/src.zip!/java.sql" type="simple" />
            <root url="jar://$USER_HOME$/.jdks/openjdk-16/lib/src.zip!/java.xml" type="simple" />
            <root url="jar://$USER_HOME$/.jdks/openjdk-16/lib/src.zip!/jdk.jcmd" type="simple" />
            <root url="jar://$USER_HOME$/.jdks/openjdk-16/lib/src.zip!/jdk.sctp" type="simple" />
            <root url="jar://$USER_HOME$/.jdks/openjdk-16/lib/src.zip!/java.base" type="simple" />
            <root url="jar://$USER_HOME$/.jdks/openjdk-16/lib/src.zip!/jdk.jdeps" type="simple" />
            <root url="jar://$USER_HOME$/.jdks/openjdk-16/lib/src.zip!/jdk.jlink" type="simple" />
            <root url="jar://$USER_HOME$/.jdks/openjdk-16/lib/src.zip!/jdk.zipfs" type="simple" />
            <root url="jar://$USER_HOME$/.jdks/openjdk-16/lib/src.zip!/java.prefs" type="simple" />
            <root url="jar://$USER_HOME$/.jdks/openjdk-16/lib/src.zip!/jdk.attach" type="simple" />
            <root url="jar://$USER_HOME$/.jdks/openjdk-16/lib/src.zip!/jdk.jshell" type="simple" />
            <root url="jar://$USER_HOME$/.jdks/openjdk-16/lib/src.zip!/jdk.jstatd" type="simple" />
            <root url="jar://$USER_HOME$/.jdks/openjdk-16/lib/src.zip!/java.naming" type="simple" />
            <root url="jar://$USER_HOME$/.jdks/openjdk-16/lib/src.zip!/jdk.editpad" type="simple" />
            <root url="jar://$USER_HOME$/.jdks/openjdk-16/lib/src.zip!/jdk.jartool" type="simple" />
            <root url="jar://$USER_HOME$/.jdks/openjdk-16/lib/src.zip!/jdk.javadoc" type="simple" />
            <root url="jar://$USER_HOME$/.jdks/openjdk-16/lib/src.zip!/jdk.xml.dom" type="simple" />
            <root url="jar://$USER_HOME$/.jdks/openjdk-16/lib/src.zip!/java.desktop" type="simple" />
            <root url="jar://$USER_HOME$/.jdks/openjdk-16/lib/src.zip!/java.logging" type="simple" />
            <root url="jar://$USER_HOME$/.jdks/openjdk-16/lib/src.zip!/jdk.charsets" type="simple" />
            <root url="jar://$USER_HOME$/.jdks/openjdk-16/lib/src.zip!/jdk.compiler" type="simple" />
            <root url="jar://$USER_HOME$/.jdks/openjdk-16/lib/src.zip!/jdk.dynalink" type="simple" />
            <root url="jar://$USER_HOME$/.jdks/openjdk-16/lib/src.zip!/jdk.jconsole" type="simple" />
            <root url="jar://$USER_HOME$/.jdks/openjdk-16/lib/src.zip!/jdk.jpackage" type="simple" />
            <root url="jar://$USER_HOME$/.jdks/openjdk-16/lib/src.zip!/jdk.jsobject" type="simple" />
            <root url="jar://$USER_HOME$/.jdks/openjdk-16/lib/src.zip!/java.compiler" type="simple" />
            <root url="jar://$USER_HOME$/.jdks/openjdk-16/lib/src.zip!/java.net.http" type="simple" />
            <root url="jar://$USER_HOME$/.jdks/openjdk-16/lib/src.zip!/jdk.crypto.ec" type="simple" />
            <root url="jar://$USER_HOME$/.jdks/openjdk-16/lib/src.zip!/java.scripting" type="simple" />
            <root url="jar://$USER_HOME$/.jdks/openjdk-16/lib/src.zip!/jdk.httpserver" type="simple" />
            <root url="jar://$USER_HOME$/.jdks/openjdk-16/lib/src.zip!/jdk.jdwp.agent" type="simple" />
            <root url="jar://$USER_HOME$/.jdks/openjdk-16/lib/src.zip!/jdk.localedata" type="simple" />
            <root url="jar://$USER_HOME$/.jdks/openjdk-16/lib/src.zip!/jdk.management" type="simple" />
            <root url="jar://$USER_HOME$/.jdks/openjdk-16/lib/src.zip!/jdk.naming.dns" type="simple" />
            <root url="jar://$USER_HOME$/.jdks/openjdk-16/lib/src.zip!/jdk.naming.rmi" type="simple" />
            <root url="jar://$USER_HOME$/.jdks/openjdk-16/lib/src.zip!/java.instrument" type="simple" />
            <root url="jar://$USER_HOME$/.jdks/openjdk-16/lib/src.zip!/java.management" type="simple" />
            <root url="jar://$USER_HOME$/.jdks/openjdk-16/lib/src.zip!/java.sql.rowset" type="simple" />
            <root url="jar://$USER_HOME$/.jdks/openjdk-16/lib/src.zip!/java.xml.crypto" type="simple" />
            <root url="jar://$USER_HOME$/.jdks/openjdk-16/lib/src.zip!/jdk.internal.ed" type="simple" />
            <root url="jar://$USER_HOME$/.jdks/openjdk-16/lib/src.zip!/jdk.internal.le" type="simple" />
            <root url="jar://$USER_HOME$/.jdks/openjdk-16/lib/src.zip!/jdk.nio.mapmode" type="simple" />
            <root url="jar://$USER_HOME$/.jdks/openjdk-16/lib/src.zip!/jdk.unsupported" type="simple" />
            <root url="jar://$USER_HOME$/.jdks/openjdk-16/lib/src.zip!/java.smartcardio" type="simple" />
            <root url="jar://$USER_HOME$/.jdks/openjdk-16/lib/src.zip!/jdk.internal.opt" type="simple" />
            <root url="jar://$USER_HOME$/.jdks/openjdk-16/lib/src.zip!/java.datatransfer" type="simple" />
            <root url="jar://$USER_HOME$/.jdks/openjdk-16/lib/src.zip!/jdk.accessibility" type="simple" />
            <root url="jar://$USER_HOME$/.jdks/openjdk-16/lib/src.zip!/jdk.crypto.mscapi" type="simple" />
            <root url="jar://$USER_HOME$/.jdks/openjdk-16/lib/src.zip!/jdk.hotspot.agent" type="simple" />
            <root url="jar://$USER_HOME$/.jdks/openjdk-16/lib/src.zip!/jdk.security.auth" type="simple" />
            <root url="jar://$USER_HOME$/.jdks/openjdk-16/lib/src.zip!/jdk.security.jgss" type="simple" />
            <root url="jar://$USER_HOME$/.jdks/openjdk-16/lib/src.zip!/java.security.jgss" type="simple" />
            <root url="jar://$USER_HOME$/.jdks/openjdk-16/lib/src.zip!/java.security.sasl" type="simple" />
            <root url="jar://$USER_HOME$/.jdks/openjdk-16/lib/src.zip!/jdk.internal.vm.ci" type="simple" />
            <root url="jar://$USER_HOME$/.jdks/openjdk-16/lib/src.zip!/jdk.management.jfr" type="simple" />
            <root url="jar://$USER_HOME$/.jdks/openjdk-16/lib/src.zip!/java.management.rmi" type="simple" />
            <root url="jar://$USER_HOME$/.jdks/openjdk-16/lib/src.zip!/java.transaction.xa" type="simple" />
            <root url="jar://$USER_HOME$/.jdks/openjdk-16/lib/src.zip!/jdk.crypto.cryptoki" type="simple" />
            <root url="jar://$USER_HOME$/.jdks/openjdk-16/lib/src.zip!/jdk.incubator.vector" type="simple" />
            <root url="jar://$USER_HOME$/.jdks/openjdk-16/lib/src.zip!/jdk.internal.jvmstat" type="simple" />
            <root url="jar://$USER_HOME$/.jdks/openjdk-16/lib/src.zip!/jdk.management.agent" type="simple" />
            <root url="jar://$USER_HOME$/.jdks/openjdk-16/lib/src.zip!/jdk.incubator.foreign" type="simple" />
            <root url="jar://$USER_HOME$/.jdks/openjdk-16/lib/src.zip!/jdk.unsupported.desktop" type="simple" />
          </root>
        </sourcePath>
      </roots>
      <additional />
    </jdk>
    <jdk version="2">
      <name value="IntelliJ IDEA IU-201.6668.121" />
      <type value="IDEA JDK" />
      <version value="java version &quot;1.8.0_202&quot;" />
      <homePath value="$APPLICATION_HOME_DIR$" />
      <roots>
        <annotationsPath>
          <root type="composite" />
        </annotationsPath>
        <classPath>
          <root type="composite">
            <root url="jar://$APPLICATION_HOME_DIR$/lib/aapt2-proto-0.3.1.jar!/" type="simple" />
            <root url="jar://$APPLICATION_HOME_DIR$/lib/annotations.jar!/" type="simple" />
            <root url="jar://$APPLICATION_HOME_DIR$/lib/asm-all-7.0.1.jar!/" type="simple" />
            <root url="jar://$APPLICATION_HOME_DIR$/lib/async-profiler-1.5-1.jar!/" type="simple" />
            <root url="jar://$APPLICATION_HOME_DIR$/lib/automaton-1.12-1.jar!/" type="simple" />
            <root url="jar://$APPLICATION_HOME_DIR$/lib/baksmali-2.2.4.jar!/" type="simple" />
            <root url="jar://$APPLICATION_HOME_DIR$/lib/batik-anim-1.12.0-8.jar!/" type="simple" />
            <root url="jar://$APPLICATION_HOME_DIR$/lib/batik-awt-util-1.12.0-8.jar!/" type="simple" />
            <root url="jar://$APPLICATION_HOME_DIR$/lib/batik-bridge-1.12.0-8.jar!/" type="simple" />
            <root url="jar://$APPLICATION_HOME_DIR$/lib/batik-codec-1.12.0-8.jar!/" type="simple" />
            <root url="jar://$APPLICATION_HOME_DIR$/lib/batik-constants-1.12.0-8.jar!/" type="simple" />
            <root url="jar://$APPLICATION_HOME_DIR$/lib/batik-css-1.12.0-8.jar!/" type="simple" />
            <root url="jar://$APPLICATION_HOME_DIR$/lib/batik-dom-1.12.0-8.jar!/" type="simple" />
            <root url="jar://$APPLICATION_HOME_DIR$/lib/batik-ext-1.12.0-8.jar!/" type="simple" />
            <root url="jar://$APPLICATION_HOME_DIR$/lib/batik-gvt-1.12.0-8.jar!/" type="simple" />
            <root url="jar://$APPLICATION_HOME_DIR$/lib/batik-parser-1.12.0-8.jar!/" type="simple" />
            <root url="jar://$APPLICATION_HOME_DIR$/lib/batik-svg-dom-1.12.0-8.jar!/" type="simple" />
            <root url="jar://$APPLICATION_HOME_DIR$/lib/batik-svggen-1.12.0-8.jar!/" type="simple" />
            <root url="jar://$APPLICATION_HOME_DIR$/lib/batik-transcoder-1.12.0-8.jar!/" type="simple" />
            <root url="jar://$APPLICATION_HOME_DIR$/lib/batik-util-1.12.0-8.jar!/" type="simple" />
            <root url="jar://$APPLICATION_HOME_DIR$/lib/batik-xml-1.12.0-8.jar!/" type="simple" />
            <root url="jar://$APPLICATION_HOME_DIR$/lib/bcpkix-jdk15on-1.64.jar!/" type="simple" />
            <root url="jar://$APPLICATION_HOME_DIR$/lib/bcprov-jdk15on-1.64.jar!/" type="simple" />
            <root url="jar://$APPLICATION_HOME_DIR$/lib/bootstrap.jar!/" type="simple" />
            <root url="jar://$APPLICATION_HOME_DIR$/lib/built-in-server.jar!/" type="simple" />
            <root url="jar://$APPLICATION_HOME_DIR$/lib/byte-buddy-agent-1.10.1.jar!/" type="simple" />
            <root url="jar://$APPLICATION_HOME_DIR$/lib/cglib-nodep-3.2.4.jar!/" type="simple" />
            <root url="jar://$APPLICATION_HOME_DIR$/lib/cli-parser-1.1.5.jar!/" type="simple" />
            <root url="jar://$APPLICATION_HOME_DIR$/lib/cloud-config-client.jar!/" type="simple" />
            <root url="jar://$APPLICATION_HOME_DIR$/lib/common-image-3.4.1.jar!/" type="simple" />
            <root url="jar://$APPLICATION_HOME_DIR$/lib/common-io-3.4.1.jar!/" type="simple" />
            <root url="jar://$APPLICATION_HOME_DIR$/lib/common-lang-3.4.1.jar!/" type="simple" />
            <root url="jar://$APPLICATION_HOME_DIR$/lib/commons-codec-1.14.jar!/" type="simple" />
            <root url="jar://$APPLICATION_HOME_DIR$/lib/commons-collections-3.2.2.jar!/" type="simple" />
            <root url="jar://$APPLICATION_HOME_DIR$/lib/commons-compress-1.20.jar!/" type="simple" />
            <root url="jar://$APPLICATION_HOME_DIR$/lib/commons-httpclient-3.1-patched.jar!/" type="simple" />
            <root url="jar://$APPLICATION_HOME_DIR$/lib/commons-imaging-1.0-RC-1.jar!/" type="simple" />
            <root url="jar://$APPLICATION_HOME_DIR$/lib/commons-io-2.6.jar!/" type="simple" />
            <root url="jar://$APPLICATION_HOME_DIR$/lib/commons-lang-2.4.jar!/" type="simple" />
            <root url="jar://$APPLICATION_HOME_DIR$/lib/commons-lang3-3.9.jar!/" type="simple" />
            <root url="jar://$APPLICATION_HOME_DIR$/lib/commons-logging-1.2.jar!/" type="simple" />
            <root url="jar://$APPLICATION_HOME_DIR$/lib/commons-net-3.6.jar!/" type="simple" />
            <root url="jar://$APPLICATION_HOME_DIR$/lib/configuration-store-impl.jar!/" type="simple" />
            <root url="jar://$APPLICATION_HOME_DIR$/lib/coverage-common.jar!/" type="simple" />
            <root url="jar://$APPLICATION_HOME_DIR$/lib/credential-store.jar!/" type="simple" />
            <root url="jar://$APPLICATION_HOME_DIR$/lib/dbus-java-3.0.2.jar!/" type="simple" />
            <root url="jar://$APPLICATION_HOME_DIR$/lib/delight-rhino-sandbox-0.0.11.jar!/" type="simple" />
            <root url="jar://$APPLICATION_HOME_DIR$/lib/dexlib2-2.2.4.jar!/" type="simple" />
            <root url="jar://$APPLICATION_HOME_DIR$/lib/dom-impl.jar!/" type="simple" />
            <root url="jar://$APPLICATION_HOME_DIR$/lib/dom-openapi.jar!/" type="simple" />
            <root url="jar://$APPLICATION_HOME_DIR$/lib/eddsa-0.2.0.jar!/" type="simple" />
            <root url="jar://$APPLICATION_HOME_DIR$/lib/error_prone_annotations-2.3.1.jar!/" type="simple" />
            <root url="jar://$APPLICATION_HOME_DIR$/lib/extensions.jar!/" type="simple" />
            <root url="jar://$APPLICATION_HOME_DIR$/lib/external-system-rt.jar!/" type="simple" />
            <root url="jar://$APPLICATION_HOME_DIR$/lib/failureaccess-1.0.1.jar!/" type="simple" />
            <root url="jar://$APPLICATION_HOME_DIR$/lib/FastInfoset-1.2.15.jar!/" type="simple" />
            <root url="jar://$APPLICATION_HOME_DIR$/lib/fest-assert-1.5.0-SNAPSHOT.jar!/" type="simple" />
            <root url="jar://$APPLICATION_HOME_DIR$/lib/fest-reflect-2.0-SNAPSHOT.jar!/" type="simple" />
            <root url="jar://$APPLICATION_HOME_DIR$/lib/fest-swing-1.4.6.jar!/" type="simple" />
            <root url="jar://$APPLICATION_HOME_DIR$/lib/fest-util-1.3.0-SNAPSHOT.jar!/" type="simple" />
            <root url="jar://$APPLICATION_HOME_DIR$/lib/fluent-hc-4.5.12.jar!/" type="simple" />
            <root url="jar://$APPLICATION_HOME_DIR$/lib/forms-1.1-preview.jar!/" type="simple" />
            <root url="jar://$APPLICATION_HOME_DIR$/lib/forms_rt.jar!/" type="simple" />
            <root url="jar://$APPLICATION_HOME_DIR$/lib/groovy-all-2.4.17.jar!/" type="simple" />
            <root url="jar://$APPLICATION_HOME_DIR$/lib/gson-2.8.6.jar!/" type="simple" />
            <root url="jar://$APPLICATION_HOME_DIR$/lib/guava-28.2-jre.jar!/" type="simple" />
            <root url="jar://$APPLICATION_HOME_DIR$/lib/hamcrest-core-1.3.jar!/" type="simple" />
            <root url="jar://$APPLICATION_HOME_DIR$/lib/HdrHistogram-2.1.4.jar!/" type="simple" />
            <root url="jar://$APPLICATION_HOME_DIR$/lib/httpclient-4.5.12.jar!/" type="simple" />
            <root url="jar://$APPLICATION_HOME_DIR$/lib/httpcore-4.4.13.jar!/" type="simple" />
            <root url="jar://$APPLICATION_HOME_DIR$/lib/httpmime-4.5.12.jar!/" type="simple" />
            <root url="jar://$APPLICATION_HOME_DIR$/lib/icons.jar!/" type="simple" />
            <root url="jar://$APPLICATION_HOME_DIR$/lib/idea.jar!/" type="simple" />
            <root url="jar://$APPLICATION_HOME_DIR$/lib/idea_rt.jar!/" type="simple" />
            <root url="jar://$APPLICATION_HOME_DIR$/lib/imageio-core-3.4.1.jar!/" type="simple" />
            <root url="jar://$APPLICATION_HOME_DIR$/lib/imageio-metadata-3.4.1.jar!/" type="simple" />
            <root url="jar://$APPLICATION_HOME_DIR$/lib/imageio-tiff-3.4.1.jar!/" type="simple" />
            <root url="jar://$APPLICATION_HOME_DIR$/lib/imgscalr-lib-4.2.jar!/" type="simple" />
            <root url="jar://$APPLICATION_HOME_DIR$/lib/ini4j-0.5.5-2.jar!/" type="simple" />
            <root url="jar://$APPLICATION_HOME_DIR$/lib/intellij-coverage-agent-1.0.508.jar!/" type="simple" />
            <root url="jar://$APPLICATION_HOME_DIR$/lib/intellij-dvcs.jar!/" type="simple" />
            <root url="jar://$APPLICATION_HOME_DIR$/lib/intellij-test-discovery-agent-1.0.508.jar!/" type="simple" />
            <root url="jar://$APPLICATION_HOME_DIR$/lib/intellij-xml.jar!/" type="simple" />
            <root url="jar://$APPLICATION_HOME_DIR$/lib/ion-java-1.5.2-2.jar!/" type="simple" />
            <root url="jar://$APPLICATION_HOME_DIR$/lib/isorelax-20030108.jar!/" type="simple" />
            <root url="jar://$APPLICATION_HOME_DIR$/lib/istack-commons-runtime-3.0.7.jar!/" type="simple" />
            <root url="jar://$APPLICATION_HOME_DIR$/lib/j2objc-annotations-1.3.jar!/" type="simple" />
            <root url="jar://$APPLICATION_HOME_DIR$/lib/jackson-annotations-2.10.2.jar!/" type="simple" />
            <root url="jar://$APPLICATION_HOME_DIR$/lib/jackson-core-2.10.2.jar!/" type="simple" />
            <root url="jar://$APPLICATION_HOME_DIR$/lib/jackson-databind-2.10.2.jar!/" type="simple" />
            <root url="jar://$APPLICATION_HOME_DIR$/lib/jackson-module-kotlin-2.10.2.jar!/" type="simple" />
            <root url="jar://$APPLICATION_HOME_DIR$/lib/java-compatibility-1.0.1.jar!/" type="simple" />
            <root url="jar://$APPLICATION_HOME_DIR$/lib/java-ultimate-icons.jar!/" type="simple" />
            <root url="jar://$APPLICATION_HOME_DIR$/lib/java-utils-1.0.5.jar!/" type="simple" />
            <root url="jar://$APPLICATION_HOME_DIR$/lib/javac2.jar!/" type="simple" />
            <root url="jar://$APPLICATION_HOME_DIR$/lib/javassist-3.22.0-GA.jar!/" type="simple" />
            <root url="jar://$APPLICATION_HOME_DIR$/lib/javax.activation-1.2.0.jar!/" type="simple" />
            <root url="jar://$APPLICATION_HOME_DIR$/lib/javax.annotation-api-1.3.2.jar!/" type="simple" />
            <root url="jar://$APPLICATION_HOME_DIR$/lib/java_proto-26.6.0.1.jar!/" type="simple" />
            <root url="jar://$APPLICATION_HOME_DIR$/lib/jaxb-api-2.3.1.jar!/" type="simple" />
            <root url="jar://$APPLICATION_HOME_DIR$/lib/jaxb-runtime-2.3.1.jar!/" type="simple" />
            <root url="jar://$APPLICATION_HOME_DIR$/lib/jaxen-1.2.0.jar!/" type="simple" />
            <root url="jar://$APPLICATION_HOME_DIR$/lib/jb-jdi-1.7.jar!/" type="simple" />
            <root url="jar://$APPLICATION_HOME_DIR$/lib/jbcrypt-1.0.0.jar!/" type="simple" />
            <root url="jar://$APPLICATION_HOME_DIR$/lib/jcef-3.3683.1920.g9f41a27-3.jar!/" type="simple" />
            <root url="jar://$APPLICATION_HOME_DIR$/lib/jcip-annotations-1.0.jar!/" type="simple" />
            <root url="jar://$APPLICATION_HOME_DIR$/lib/jdkAnnotations.jar!/" type="simple" />
            <root url="jar://$APPLICATION_HOME_DIR$/lib/jdom.jar!/" type="simple" />
            <root url="jar://$APPLICATION_HOME_DIR$/lib/jediterm-pty-2.27.jar!/" type="simple" />
            <root url="jar://$APPLICATION_HOME_DIR$/lib/jetCheck-0.2.1.jar!/" type="simple" />
            <root url="jar://$APPLICATION_HOME_DIR$/lib/jettison-1.4.0.jar!/" type="simple" />
            <root url="jar://$APPLICATION_HOME_DIR$/lib/jing-20030619.jar!/" type="simple" />
            <root url="jar://$APPLICATION_HOME_DIR$/lib/jna-platform.jar!/" type="simple" />
            <root url="jar://$APPLICATION_HOME_DIR$/lib/jna.jar!/" type="simple" />
            <root url="jar://$APPLICATION_HOME_DIR$/lib/jps-model.jar!/" type="simple" />
            <root url="jar://$APPLICATION_HOME_DIR$/lib/jsch-0.1.55.jar!/" type="simple" />
            <root url="jar://$APPLICATION_HOME_DIR$/lib/jsch.agentproxy.connector-factory-0.0.9.jar!/" type="simple" />
            <root url="jar://$APPLICATION_HOME_DIR$/lib/jsch.agentproxy.core-0.0.9.jar!/" type="simple" />
            <root url="jar://$APPLICATION_HOME_DIR$/lib/jsch.agentproxy.jsch-0.0.9.jar!/" type="simple" />
            <root url="jar://$APPLICATION_HOME_DIR$/lib/jsch.agentproxy.pageant-0.0.9.jar!/" type="simple" />
            <root url="jar://$APPLICATION_HOME_DIR$/lib/jsch.agentproxy.sshagent-0.0.9.jar!/" type="simple" />
            <root url="jar://$APPLICATION_HOME_DIR$/lib/jsch.agentproxy.sshj-0.0.9.jar!/" type="simple" />
            <root url="jar://$APPLICATION_HOME_DIR$/lib/jsch.agentproxy.usocket-jna-0.0.9.jar!/" type="simple" />
            <root url="jar://$APPLICATION_HOME_DIR$/lib/jsch.agentproxy.usocket-nc-0.0.9.jar!/" type="simple" />
            <root url="jar://$APPLICATION_HOME_DIR$/lib/jshell-frontend.jar!/" type="simple" />
            <root url="jar://$APPLICATION_HOME_DIR$/lib/json-simple-1.1.1.jar!/" type="simple" />
            <root url="jar://$APPLICATION_HOME_DIR$/lib/json.jar!/" type="simple" />
            <root url="jar://$APPLICATION_HOME_DIR$/lib/jsoup-1.12.1.jar!/" type="simple" />
            <root url="jar://$APPLICATION_HOME_DIR$/lib/jsp-api.jar!/" type="simple" />
            <root url="jar://$APPLICATION_HOME_DIR$/lib/jsp-base-openapi.jar!/" type="simple" />
            <root url="jar://$APPLICATION_HOME_DIR$/lib/jsr305.jar!/" type="simple" />
            <root url="jar://$APPLICATION_HOME_DIR$/lib/jts-core-1.16.1.jar!/" type="simple" />
            <root url="jar://$APPLICATION_HOME_DIR$/lib/jts-io-common-1.16.1.jar!/" type="simple" />
            <root url="jar://$APPLICATION_HOME_DIR$/lib/junit-4.12.jar!/" type="simple" />
            <root url="jar://$APPLICATION_HOME_DIR$/lib/jzlib-1.1.3.jar!/" type="simple" />
            <root url="jar://$APPLICATION_HOME_DIR$/lib/kotlin-gradle-plugin-model-1.3.70.jar!/" type="simple" />
            <root url="jar://$APPLICATION_HOME_DIR$/lib/kotlin-reflect-1.3.70.jar!/" type="simple" />
            <root url="jar://$APPLICATION_HOME_DIR$/lib/kotlin-stdlib-1.3.70.jar!/" type="simple" />
            <root url="jar://$APPLICATION_HOME_DIR$/lib/kotlin-stdlib-common-1.3.70.jar!/" type="simple" />
            <root url="jar://$APPLICATION_HOME_DIR$/lib/kotlin-stdlib-jdk7-1.3.70.jar!/" type="simple" />
            <root url="jar://$APPLICATION_HOME_DIR$/lib/kotlin-stdlib-jdk8-1.3.70.jar!/" type="simple" />
            <root url="jar://$APPLICATION_HOME_DIR$/lib/kotlin-test-1.3.61.jar!/" type="simple" />
            <root url="jar://$APPLICATION_HOME_DIR$/lib/kotlin-test-common-1.3.61.jar!/" type="simple" />
            <root url="jar://$APPLICATION_HOME_DIR$/lib/kotlinx-coroutines-core-1.3.4.jar!/" type="simple" />
            <root url="jar://$APPLICATION_HOME_DIR$/lib/kotlinx-coroutines-jdk8-1.3.4.jar!/" type="simple" />
            <root url="jar://$APPLICATION_HOME_DIR$/lib/kryo-2.24.0.jar!/" type="simple" />
            <root url="jar://$APPLICATION_HOME_DIR$/lib/kxml2-2.3.0.jar!/" type="simple" />
            <root url="jar://$APPLICATION_HOME_DIR$/lib/log4j.jar!/" type="simple" />
            <root url="jar://$APPLICATION_HOME_DIR$/lib/lz4-java-1.7.1.jar!/" type="simple" />
            <root url="jar://$APPLICATION_HOME_DIR$/lib/markdown4j-2.2-cj-1.1.jar!/" type="simple" />
            <root url="jar://$APPLICATION_HOME_DIR$/lib/markdownj-core-0.4.2-SNAPSHOT.jar!/" type="simple" />
            <root url="jar://$APPLICATION_HOME_DIR$/lib/maven-artifact-3.6.1.jar!/" type="simple" />
            <root url="jar://$APPLICATION_HOME_DIR$/lib/maven-builder-support-3.6.1.jar!/" type="simple" />
            <root url="jar://$APPLICATION_HOME_DIR$/lib/maven-model-3.6.1.jar!/" type="simple" />
            <root url="jar://$APPLICATION_HOME_DIR$/lib/maven-model-builder-3.6.1.jar!/" type="simple" />
            <root url="jar://$APPLICATION_HOME_DIR$/lib/maven-repository-metadata-3.6.1.jar!/" type="simple" />
            <root url="jar://$APPLICATION_HOME_DIR$/lib/maven-resolver-api-1.3.3.jar!/" type="simple" />
            <root url="jar://$APPLICATION_HOME_DIR$/lib/maven-resolver-impl-1.3.3.jar!/" type="simple" />
            <root url="jar://$APPLICATION_HOME_DIR$/lib/maven-resolver-provider-3.6.1.jar!/" type="simple" />
            <root url="jar://$APPLICATION_HOME_DIR$/lib/maven-resolver-spi-1.3.3.jar!/" type="simple" />
            <root url="jar://$APPLICATION_HOME_DIR$/lib/maven-resolver-util-1.3.3.jar!/" type="simple" />
            <root url="jar://$APPLICATION_HOME_DIR$/lib/microba.jar!/" type="simple" />
            <root url="jar://$APPLICATION_HOME_DIR$/lib/miglayout-core-5.2.jar!/" type="simple" />
            <root url="jar://$APPLICATION_HOME_DIR$/lib/miglayout-swing-5.2.jar!/" type="simple" />
            <root url="jar://$APPLICATION_HOME_DIR$/lib/minlog-1.2.jar!/" type="simple" />
            <root url="jar://$APPLICATION_HOME_DIR$/lib/MultithreadedTC-1.01.jar!/" type="simple" />
            <root url="jar://$APPLICATION_HOME_DIR$/lib/nanoxml-2.2.3.jar!/" type="simple" />
            <root url="jar://$APPLICATION_HOME_DIR$/lib/nekohtml-1.9.22.jar!/" type="simple" />
            <root url="jar://$APPLICATION_HOME_DIR$/lib/netty-buffer-4.1.47.Final.jar!/" type="simple" />
            <root url="jar://$APPLICATION_HOME_DIR$/lib/netty-codec-4.1.47.Final.jar!/" type="simple" />
            <root url="jar://$APPLICATION_HOME_DIR$/lib/netty-codec-http-4.1.47.Final.jar!/" type="simple" />
            <root url="jar://$APPLICATION_HOME_DIR$/lib/netty-codec-http2-4.1.47.Final.jar!/" type="simple" />
            <root url="jar://$APPLICATION_HOME_DIR$/lib/netty-codec-socks-4.1.47.Final.jar!/" type="simple" />
            <root url="jar://$APPLICATION_HOME_DIR$/lib/netty-common-4.1.47.Final.jar!/" type="simple" />
            <root url="jar://$APPLICATION_HOME_DIR$/lib/netty-handler-4.1.47.Final.jar!/" type="simple" />
            <root url="jar://$APPLICATION_HOME_DIR$/lib/netty-handler-proxy-4.1.47.Final.jar!/" type="simple" />
            <root url="jar://$APPLICATION_HOME_DIR$/lib/netty-resolver-4.1.47.Final.jar!/" type="simple" />
            <root url="jar://$APPLICATION_HOME_DIR$/lib/netty-transport-4.1.47.Final.jar!/" type="simple" />
            <root url="jar://$APPLICATION_HOME_DIR$/lib/objenesis-3.1.jar!/" type="simple" />
            <root url="jar://$APPLICATION_HOME_DIR$/lib/openapi.jar!/" type="simple" />
            <root url="jar://$APPLICATION_HOME_DIR$/lib/org.eclipse.lsp4j-0.7.1.jar!/" type="simple" />
            <root url="jar://$APPLICATION_HOME_DIR$/lib/org.eclipse.lsp4j.jsonrpc-0.7.1.jar!/" type="simple" />
            <root url="jar://$APPLICATION_HOME_DIR$/lib/org.eclipse.xtend.lib-2.17.0.jar!/" type="simple" />
            <root url="jar://$APPLICATION_HOME_DIR$/lib/org.eclipse.xtend.lib.macro-2.17.0.jar!/" type="simple" />
            <root url="jar://$APPLICATION_HOME_DIR$/lib/org.eclipse.xtext.xbase.lib-2.17.0.jar!/" type="simple" />
            <root url="jar://$APPLICATION_HOME_DIR$/lib/oro-2.0.8.jar!/" type="simple" />
            <root url="jar://$APPLICATION_HOME_DIR$/lib/owasp-java-html-sanitizer-20191001.1.jar!/" type="simple" />
            <root url="jar://$APPLICATION_HOME_DIR$/lib/platform-api.jar!/" type="simple" />
            <root url="jar://$APPLICATION_HOME_DIR$/lib/platform-concurrency.jar!/" type="simple" />
            <root url="jar://$APPLICATION_HOME_DIR$/lib/platform-core-ui.jar!/" type="simple" />
            <root url="jar://$APPLICATION_HOME_DIR$/lib/platform-diagnostic.jar!/" type="simple" />
            <root url="jar://$APPLICATION_HOME_DIR$/lib/platform-ide-util-io.jar!/" type="simple" />
            <root url="jar://$APPLICATION_HOME_DIR$/lib/platform-impl.jar!/" type="simple" />
            <root url="jar://$APPLICATION_HOME_DIR$/lib/platform-objectSerializer-annotations.jar!/" type="simple" />
            <root url="jar://$APPLICATION_HOME_DIR$/lib/platform-objectSerializer.jar!/" type="simple" />
            <root url="jar://$APPLICATION_HOME_DIR$/lib/platform-serviceContainer.jar!/" type="simple" />
            <root url="jar://$APPLICATION_HOME_DIR$/lib/platform-statistics-devkit.jar!/" type="simple" />
            <root url="jar://$APPLICATION_HOME_DIR$/lib/platform-statistics-uploader.jar!/" type="simple" />
            <root url="jar://$APPLICATION_HOME_DIR$/lib/platform-statistics.jar!/" type="simple" />
            <root url="jar://$APPLICATION_HOME_DIR$/lib/platform-util-ex.jar!/" type="simple" />
            <root url="jar://$APPLICATION_HOME_DIR$/lib/platform-util-ui.jar!/" type="simple" />
            <root url="jar://$APPLICATION_HOME_DIR$/lib/plexus-component-annotations-1.7.1.jar!/" type="simple" />
            <root url="jar://$APPLICATION_HOME_DIR$/lib/plexus-interpolation-1.25.jar!/" type="simple" />
            <root url="jar://$APPLICATION_HOME_DIR$/lib/plexus-utils-3.2.0.jar!/" type="simple" />
            <root url="jar://$APPLICATION_HOME_DIR$/lib/protobuf-java-3.5.1.jar!/" type="simple" />
            <root url="jar://$APPLICATION_HOME_DIR$/lib/protos-26.6.0-rc01.jar!/" type="simple" />
            <root url="jar://$APPLICATION_HOME_DIR$/lib/proxy-vole-1.0.5-jb.2.jar!/" type="simple" />
            <root url="jar://$APPLICATION_HOME_DIR$/lib/pty4j-0.9.6.jar!/" type="simple" />
            <root url="jar://$APPLICATION_HOME_DIR$/lib/purejavacomm-0.0.11.1.jar!/" type="simple" />
            <root url="jar://$APPLICATION_HOME_DIR$/lib/qdox-2.0-M10.jar!/" type="simple" />
            <root url="jar://$APPLICATION_HOME_DIR$/lib/rd-core-0.193.101.jar!/" type="simple" />
            <root url="jar://$APPLICATION_HOME_DIR$/lib/rd-swing-0.193.101.jar!/" type="simple" />
            <root url="jar://$APPLICATION_HOME_DIR$/lib/resources.jar!/" type="simple" />
            <root url="jar://$APPLICATION_HOME_DIR$/lib/resources_en.jar!/" type="simple" />
            <root url="jar://$APPLICATION_HOME_DIR$/lib/rhino-1.7.12.jar!/" type="simple" />
            <root url="jar://$APPLICATION_HOME_DIR$/lib/rngom-20051226-patched.jar!/" type="simple" />
            <root url="jar://$APPLICATION_HOME_DIR$/lib/serviceMessages-2019.1.4.jar!/" type="simple" />
            <root url="jar://$APPLICATION_HOME_DIR$/lib/servlet-api.jar!/" type="simple" />
            <root url="jar://$APPLICATION_HOME_DIR$/lib/slf4j-api-1.7.25.jar!/" type="simple" />
            <root url="jar://$APPLICATION_HOME_DIR$/lib/slf4j-log4j12-1.7.25.jar!/" type="simple" />
            <root url="jar://$APPLICATION_HOME_DIR$/lib/snakeyaml-1.26.jar!/" type="simple" />
            <root url="jar://$APPLICATION_HOME_DIR$/lib/snakeyaml-engine-2.1.jar!/" type="simple" />
            <root url="jar://$APPLICATION_HOME_DIR$/lib/spellchecker.jar!/" type="simple" />
            <root url="jar://$APPLICATION_HOME_DIR$/lib/sqlite-jdbc-3.21.0.1.jar!/" type="simple" />
            <root url="jar://$APPLICATION_HOME_DIR$/lib/sshj-0.27.0.jar!/" type="simple" />
            <root url="jar://$APPLICATION_HOME_DIR$/lib/stax-api-1.0.1.jar!/" type="simple" />
            <root url="jar://$APPLICATION_HOME_DIR$/lib/stax-ex-1.8.jar!/" type="simple" />
            <root url="jar://$APPLICATION_HOME_DIR$/lib/streamex-0.7.2.jar!/" type="simple" />
            <root url="jar://$APPLICATION_HOME_DIR$/lib/swingx-core-1.6.2-2.jar!/" type="simple" />
            <root url="jar://$APPLICATION_HOME_DIR$/lib/testFramework-java.jar!/" type="simple" />
            <root url="jar://$APPLICATION_HOME_DIR$/lib/testFramework.core.jar!/" type="simple" />
            <root url="jar://$APPLICATION_HOME_DIR$/lib/testFramework.jar!/" type="simple" />
            <root url="jar://$APPLICATION_HOME_DIR$/lib/tests_bootstrap.jar!/" type="simple" />
            <root url="jar://$APPLICATION_HOME_DIR$/lib/tips-intellij-idea-201.12.jar!/" type="simple" />
            <root url="jar://$APPLICATION_HOME_DIR$/lib/trang-core.jar!/" type="simple" />
            <root url="jar://$APPLICATION_HOME_DIR$/lib/trilead-ssh2-build-217-jenkins-14.jar!/" type="simple" />
            <root url="jar://$APPLICATION_HOME_DIR$/lib/trove4j.jar!/" type="simple" />
            <root url="jar://$APPLICATION_HOME_DIR$/lib/txw2-2.3.1.jar!/" type="simple" />
            <root url="jar://$APPLICATION_HOME_DIR$/lib/uast-tests.jar!/" type="simple" />
            <root url="jar://$APPLICATION_HOME_DIR$/lib/util-2.2.4.jar!/" type="simple" />
            <root url="jar://$APPLICATION_HOME_DIR$/lib/util.jar!/" type="simple" />
            <root url="jar://$APPLICATION_HOME_DIR$/lib/velocity-1.7.jar!/" type="simple" />
            <root url="jar://$APPLICATION_HOME_DIR$/lib/winp-1.28.jar!/" type="simple" />
            <root url="jar://$APPLICATION_HOME_DIR$/lib/xercesImpl-2.12.0.jar!/" type="simple" />
            <root url="jar://$APPLICATION_HOME_DIR$/lib/xml-apis-ext-1.3.04.jar!/" type="simple" />
            <root url="jar://$APPLICATION_HOME_DIR$/lib/xml-resolver-1.2.jar!/" type="simple" />
            <root url="jar://$APPLICATION_HOME_DIR$/lib/xmlbeans-2.6.0.jar!/" type="simple" />
            <root url="jar://$APPLICATION_HOME_DIR$/lib/xmlgraphics-commons-2.3.jar!/" type="simple" />
            <root url="jar://$APPLICATION_HOME_DIR$/lib/xmlpull-1.1.3.1.jar!/" type="simple" />
            <root url="jar://$APPLICATION_HOME_DIR$/lib/xmlrpc-2.0.1.jar!/" type="simple" />
            <root url="jar://$APPLICATION_HOME_DIR$/lib/xpp3_min-1.1.4c.jar!/" type="simple" />
            <root url="jar://$APPLICATION_HOME_DIR$/lib/xstream-1.4.11.1.jar!/" type="simple" />
            <root url="jar://$APPLICATION_HOME_DIR$/lib/xz-1.8.jar!/" type="simple" />
            <root url="jar://$APPLICATION_HOME_DIR$/plugins/java/lib/aether-dependency-resolver.jar!/" type="simple" />
            <root url="jar://$APPLICATION_HOME_DIR$/plugins/java/lib/completion-ranking-java-0.1.4.jar!/" type="simple" />
            <root url="jar://$APPLICATION_HOME_DIR$/plugins/java/lib/debugger-memory-agent-0.0.11.jar!/" type="simple" />
            <root url="jar://$APPLICATION_HOME_DIR$/plugins/java/lib/duplicates-java-analysis.jar!/" type="simple" />
            <root url="jar://$APPLICATION_HOME_DIR$/plugins/java/lib/duplicates-java.jar!/" type="simple" />
            <root url="jar://$APPLICATION_HOME_DIR$/plugins/java/lib/ecj-4.13.jar!/" type="simple" />
            <root url="jar://$APPLICATION_HOME_DIR$/plugins/java/lib/jam-support-impl.jar!/" type="simple" />
            <root url="jar://$APPLICATION_HOME_DIR$/plugins/java/lib/jam-support-openapi.jar!/" type="simple" />
            <root url="jar://$APPLICATION_HOME_DIR$/plugins/java/lib/java-api.jar!/" type="simple" />
            <root url="jar://$APPLICATION_HOME_DIR$/plugins/java/lib/java-duplicatesDetection.jar!/" type="simple" />
            <root url="jar://$APPLICATION_HOME_DIR$/plugins/java/lib/java-impl.jar!/" type="simple" />
            <root url="jar://$APPLICATION_HOME_DIR$/plugins/java/lib/javac2.jar!/" type="simple" />
            <root url="jar://$APPLICATION_HOME_DIR$/plugins/java/lib/java_resources_en.jar!/" type="simple" />
            <root url="jar://$APPLICATION_HOME_DIR$/plugins/java/lib/jdkAnnotations.jar!/" type="simple" />
            <root url="jar://$APPLICATION_HOME_DIR$/plugins/java/lib/jgoodies-common-1.4.0.jar!/" type="simple" />
            <root url="jar://$APPLICATION_HOME_DIR$/plugins/java/lib/jmc-common-7.1.0-2.jar!/" type="simple" />
            <root url="jar://$APPLICATION_HOME_DIR$/plugins/java/lib/jmc-flightrecorder-7.1.0-2.jar!/" type="simple" />
            <root url="jar://$APPLICATION_HOME_DIR$/plugins/java/lib/jps-builders-6.jar!/" type="simple" />
            <root url="jar://$APPLICATION_HOME_DIR$/plugins/java/lib/jps-builders.jar!/" type="simple" />
            <root url="jar://$APPLICATION_HOME_DIR$/plugins/java/lib/jps-launcher.jar!/" type="simple" />
            <root url="jar://$APPLICATION_HOME_DIR$/plugins/java/lib/jshell-protocol.jar!/" type="simple" />
            <root url="jar://$APPLICATION_HOME_DIR$/plugins/java/lib/maven-resolver-connector-basic-1.3.3.jar!/" type="simple" />
            <root url="jar://$APPLICATION_HOME_DIR$/plugins/java/lib/maven-resolver-transport-file-1.3.3.jar!/" type="simple" />
            <root url="jar://$APPLICATION_HOME_DIR$/plugins/java/lib/maven-resolver-transport-http-1.3.3.jar!/" type="simple" />
            <root url="jar://$APPLICATION_HOME_DIR$/plugins/java/lib/microservices-uast.jar!/" type="simple" />
            <root url="jar://$APPLICATION_HOME_DIR$/plugins/java/lib/profiler-ultimate.jar!/" type="simple" />
            <root url="jar://$APPLICATION_HOME_DIR$/plugins/java/lib/resources.jar!/" type="simple" />
            <root url="jar://$APPLICATION_HOME_DIR$/plugins/java/lib/resources_en.jar!/" type="simple" />
            <root url="jar://$APPLICATION_HOME_DIR$/plugins/java/lib/sa-jdwp-1.14.jar!/" type="simple" />
            <root url="jar://$APPLICATION_HOME_DIR$/plugins/JavaEE/lib/gradle-javaee.jar!/" type="simple" />
            <root url="jar://$APPLICATION_HOME_DIR$/plugins/JavaEE/lib/IntelliLang-javaee.jar!/" type="simple" />
            <root url="jar://$APPLICATION_HOME_DIR$/plugins/JavaEE/lib/jasper-v2-rt.jar!/" type="simple" />
            <root url="jar://$APPLICATION_HOME_DIR$/plugins/JavaEE/lib/javaee-jps-plugin.jar!/" type="simple" />
            <root url="jar://$APPLICATION_HOME_DIR$/plugins/JavaEE/lib/javaee-openapi.jar!/" type="simple" />
            <root url="jar://$APPLICATION_HOME_DIR$/plugins/JavaEE/lib/resources_en.jar!/" type="simple" />
            <root url="jar://$APPLICATION_HOME_DIR$/plugins/JavaEE/lib/webDeployment-transport.jar!/" type="simple" />
            <root url="jar://$APPLICATION_HOME_DIR$/plugins/PersistenceSupport/lib/persistence-openapi.jar!/" type="simple" />
            <root url="jar://$APPLICATION_HOME_DIR$/plugins/DatabaseTools/lib/database-dialects.jar!/" type="simple" />
            <root url="jar://$APPLICATION_HOME_DIR$/plugins/DatabaseTools/lib/database-minicats.jar!/" type="simple" />
            <root url="jar://$APPLICATION_HOME_DIR$/plugins/DatabaseTools/lib/database-openapi.jar!/" type="simple" />
            <root url="jar://$APPLICATION_HOME_DIR$/plugins/DatabaseTools/lib/resources_en.jar!/" type="simple" />
            <root url="jar://$APPLICATION_HOME_DIR$/plugins/DatabaseTools/lib/tips-database-plugin-201.22.jar!/" type="simple" />
            <root url="jar://$APPLICATION_HOME_DIR$/plugins/DatabaseTools/lib/unidecode-0.0.7.jar!/" type="simple" />
            <root url="jar://$APPLICATION_HOME_DIR$/plugins/CSS/lib/css-openapi.jar!/" type="simple" />
            <root url="jar://$APPLICATION_HOME_DIR$/plugins/CSS/lib/resources_en.jar!/" type="simple" />
            <root url="jar://$APPLICATION_HOME_DIR$/plugins/uml/lib/diagram-api.jar!/" type="simple" />
            <root url="jar://$APPLICATION_HOME_DIR$/plugins/Spring/lib/spring-aop.jar!/" type="simple" />
            <root url="jar://$APPLICATION_HOME_DIR$/plugins/Spring/lib/spring-eclipse.jar!/" type="simple" />
            <root url="jar://$APPLICATION_HOME_DIR$/plugins/Spring/lib/spring-graph.jar!/" type="simple" />
            <root url="jar://$APPLICATION_HOME_DIR$/plugins/Spring/lib/spring-web.jar!/" type="simple" />
          </root>
        </classPath>
        <javadocPath>
          <root type="composite">
            <root url="https://docs.oracle.com/javase/8/docs/api/" type="simple" />
          </root>
        </javadocPath>
        <sourcePath>
          <root type="composite">
            <root url="jar://$APPLICATION_HOME_DIR$/lib/src/src_css-api.zip!/" type="simple" />
            <root url="jar://$APPLICATION_HOME_DIR$/lib/src/src_database-openapi.zip!/" type="simple" />
            <root url="jar://$APPLICATION_HOME_DIR$/lib/src/src_jam-openapi.zip!/" type="simple" />
            <root url="jar://$APPLICATION_HOME_DIR$/lib/src/src_javaee-openapi.zip!/" type="simple" />
            <root url="jar://$APPLICATION_HOME_DIR$/lib/src/src_persistence-openapi.zip!/" type="simple" />
            <root url="jar://$APPLICATION_HOME_DIR$/lib/src/src_spring-boot-openapi.zip!/" type="simple" />
            <root url="jar://$APPLICATION_HOME_DIR$/lib/src/src_spring-openapi.zip!/" type="simple" />
            <root url="jar://$APPLICATION_HOME_DIR$/lib/src/src_tomcat.zip!/" type="simple" />
          </root>
        </sourcePath>
      </roots>
      <additional sdk="JDK_1.8.0">
        <option name="mySandboxHome" value="C:\Users\79059\AppData\Local\JetBrains\IntelliJIdea2020.1\plugins-sandbox" />
      </additional>
    </jdk>
    <jdk version="2">
      <name value="15" />
      <type value="JavaSDK" />
      <version value="java version &quot;15.0.2&quot;" />
      <homePath value="C:\Program Files\Java\jdk-15.0.2" />
      <roots>
        <annotationsPath>
          <root type="composite">
            <root url="jar://$APPLICATION_HOME_DIR$/plugins/java/lib/jdkAnnotations.jar!/" type="simple" />
          </root>
        </annotationsPath>
        <classPath>
          <root type="composite">
            <root url="jrt://C:/Program Files/Java/jdk-15.0.2!/java.base" type="simple" />
            <root url="jrt://C:/Program Files/Java/jdk-15.0.2!/java.compiler" type="simple" />
            <root url="jrt://C:/Program Files/Java/jdk-15.0.2!/java.datatransfer" type="simple" />
            <root url="jrt://C:/Program Files/Java/jdk-15.0.2!/java.desktop" type="simple" />
            <root url="jrt://C:/Program Files/Java/jdk-15.0.2!/java.instrument" type="simple" />
            <root url="jrt://C:/Program Files/Java/jdk-15.0.2!/java.logging" type="simple" />
            <root url="jrt://C:/Program Files/Java/jdk-15.0.2!/java.management" type="simple" />
            <root url="jrt://C:/Program Files/Java/jdk-15.0.2!/java.management.rmi" type="simple" />
            <root url="jrt://C:/Program Files/Java/jdk-15.0.2!/java.naming" type="simple" />
            <root url="jrt://C:/Program Files/Java/jdk-15.0.2!/java.net.http" type="simple" />
            <root url="jrt://C:/Program Files/Java/jdk-15.0.2!/java.prefs" type="simple" />
            <root url="jrt://C:/Program Files/Java/jdk-15.0.2!/java.rmi" type="simple" />
            <root url="jrt://C:/Program Files/Java/jdk-15.0.2!/java.scripting" type="simple" />
            <root url="jrt://C:/Program Files/Java/jdk-15.0.2!/java.se" type="simple" />
            <root url="jrt://C:/Program Files/Java/jdk-15.0.2!/java.security.jgss" type="simple" />
            <root url="jrt://C:/Program Files/Java/jdk-15.0.2!/java.security.sasl" type="simple" />
            <root url="jrt://C:/Program Files/Java/jdk-15.0.2!/java.smartcardio" type="simple" />
            <root url="jrt://C:/Program Files/Java/jdk-15.0.2!/java.sql" type="simple" />
            <root url="jrt://C:/Program Files/Java/jdk-15.0.2!/java.sql.rowset" type="simple" />
            <root url="jrt://C:/Program Files/Java/jdk-15.0.2!/java.transaction.xa" type="simple" />
            <root url="jrt://C:/Program Files/Java/jdk-15.0.2!/java.xml" type="simple" />
            <root url="jrt://C:/Program Files/Java/jdk-15.0.2!/java.xml.crypto" type="simple" />
            <root url="jrt://C:/Program Files/Java/jdk-15.0.2!/jdk.accessibility" type="simple" />
            <root url="jrt://C:/Program Files/Java/jdk-15.0.2!/jdk.aot" type="simple" />
            <root url="jrt://C:/Program Files/Java/jdk-15.0.2!/jdk.attach" type="simple" />
            <root url="jrt://C:/Program Files/Java/jdk-15.0.2!/jdk.charsets" type="simple" />
            <root url="jrt://C:/Program Files/Java/jdk-15.0.2!/jdk.compiler" type="simple" />
            <root url="jrt://C:/Program Files/Java/jdk-15.0.2!/jdk.crypto.cryptoki" type="simple" />
            <root url="jrt://C:/Program Files/Java/jdk-15.0.2!/jdk.crypto.ec" type="simple" />
            <root url="jrt://C:/Program Files/Java/jdk-15.0.2!/jdk.crypto.mscapi" type="simple" />
            <root url="jrt://C:/Program Files/Java/jdk-15.0.2!/jdk.dynalink" type="simple" />
            <root url="jrt://C:/Program Files/Java/jdk-15.0.2!/jdk.editpad" type="simple" />
            <root url="jrt://C:/Program Files/Java/jdk-15.0.2!/jdk.hotspot.agent" type="simple" />
            <root url="jrt://C:/Program Files/Java/jdk-15.0.2!/jdk.httpserver" type="simple" />
            <root url="jrt://C:/Program Files/Java/jdk-15.0.2!/jdk.incubator.foreign" type="simple" />
            <root url="jrt://C:/Program Files/Java/jdk-15.0.2!/jdk.incubator.jpackage" type="simple" />
            <root url="jrt://C:/Program Files/Java/jdk-15.0.2!/jdk.internal.ed" type="simple" />
            <root url="jrt://C:/Program Files/Java/jdk-15.0.2!/jdk.internal.jvmstat" type="simple" />
            <root url="jrt://C:/Program Files/Java/jdk-15.0.2!/jdk.internal.le" type="simple" />
            <root url="jrt://C:/Program Files/Java/jdk-15.0.2!/jdk.internal.opt" type="simple" />
            <root url="jrt://C:/Program Files/Java/jdk-15.0.2!/jdk.internal.vm.ci" type="simple" />
            <root url="jrt://C:/Program Files/Java/jdk-15.0.2!/jdk.internal.vm.compiler" type="simple" />
            <root url="jrt://C:/Program Files/Java/jdk-15.0.2!/jdk.internal.vm.compiler.management" type="simple" />
            <root url="jrt://C:/Program Files/Java/jdk-15.0.2!/jdk.jartool" type="simple" />
            <root url="jrt://C:/Program Files/Java/jdk-15.0.2!/jdk.javadoc" type="simple" />
            <root url="jrt://C:/Program Files/Java/jdk-15.0.2!/jdk.jcmd" type="simple" />
            <root url="jrt://C:/Program Files/Java/jdk-15.0.2!/jdk.jconsole" type="simple" />
            <root url="jrt://C:/Program Files/Java/jdk-15.0.2!/jdk.jdeps" type="simple" />
            <root url="jrt://C:/Program Files/Java/jdk-15.0.2!/jdk.jdi" type="simple" />
            <root url="jrt://C:/Program Files/Java/jdk-15.0.2!/jdk.jdwp.agent" type="simple" />
            <root url="jrt://C:/Program Files/Java/jdk-15.0.2!/jdk.jfr" type="simple" />
            <root url="jrt://C:/Program Files/Java/jdk-15.0.2!/jdk.jlink" type="simple" />
            <root url="jrt://C:/Program Files/Java/jdk-15.0.2!/jdk.jshell" type="simple" />
            <root url="jrt://C:/Program Files/Java/jdk-15.0.2!/jdk.jsobject" type="simple" />
            <root url="jrt://C:/Program Files/Java/jdk-15.0.2!/jdk.jstatd" type="simple" />
            <root url="jrt://C:/Program Files/Java/jdk-15.0.2!/jdk.localedata" type="simple" />
            <root url="jrt://C:/Program Files/Java/jdk-15.0.2!/jdk.management" type="simple" />
            <root url="jrt://C:/Program Files/Java/jdk-15.0.2!/jdk.management.agent" type="simple" />
            <root url="jrt://C:/Program Files/Java/jdk-15.0.2!/jdk.management.jfr" type="simple" />
            <root url="jrt://C:/Program Files/Java/jdk-15.0.2!/jdk.naming.dns" type="simple" />
            <root url="jrt://C:/Program Files/Java/jdk-15.0.2!/jdk.naming.rmi" type="simple" />
            <root url="jrt://C:/Program Files/Java/jdk-15.0.2!/jdk.net" type="simple" />
            <root url="jrt://C:/Program Files/Java/jdk-15.0.2!/jdk.nio.mapmode" type="simple" />
            <root url="jrt://C:/Program Files/Java/jdk-15.0.2!/jdk.sctp" type="simple" />
            <root url="jrt://C:/Program Files/Java/jdk-15.0.2!/jdk.security.auth" type="simple" />
            <root url="jrt://C:/Program Files/Java/jdk-15.0.2!/jdk.security.jgss" type="simple" />
            <root url="jrt://C:/Program Files/Java/jdk-15.0.2!/jdk.unsupported" type="simple" />
            <root url="jrt://C:/Program Files/Java/jdk-15.0.2!/jdk.unsupported.desktop" type="simple" />
            <root url="jrt://C:/Program Files/Java/jdk-15.0.2!/jdk.xml.dom" type="simple" />
            <root url="jrt://C:/Program Files/Java/jdk-15.0.2!/jdk.zipfs" type="simple" />
          </root>
        </classPath>
        <javadocPath>
          <root type="composite" />
        </javadocPath>
        <sourcePath>
          <root type="composite">
            <root url="jar://C:/Program Files/Java/jdk-15.0.2/lib/src.zip!/java.se" type="simple" />
            <root url="jar://C:/Program Files/Java/jdk-15.0.2/lib/src.zip!/jdk.aot" type="simple" />
            <root url="jar://C:/Program Files/Java/jdk-15.0.2/lib/src.zip!/jdk.jdi" type="simple" />
            <root url="jar://C:/Program Files/Java/jdk-15.0.2/lib/src.zip!/jdk.jfr" type="simple" />
            <root url="jar://C:/Program Files/Java/jdk-15.0.2/lib/src.zip!/jdk.net" type="simple" />
            <root url="jar://C:/Program Files/Java/jdk-15.0.2/lib/src.zip!/java.rmi" type="simple" />
            <root url="jar://C:/Program Files/Java/jdk-15.0.2/lib/src.zip!/java.sql" type="simple" />
            <root url="jar://C:/Program Files/Java/jdk-15.0.2/lib/src.zip!/java.xml" type="simple" />
            <root url="jar://C:/Program Files/Java/jdk-15.0.2/lib/src.zip!/jdk.jcmd" type="simple" />
            <root url="jar://C:/Program Files/Java/jdk-15.0.2/lib/src.zip!/jdk.sctp" type="simple" />
            <root url="jar://C:/Program Files/Java/jdk-15.0.2/lib/src.zip!/java.base" type="simple" />
            <root url="jar://C:/Program Files/Java/jdk-15.0.2/lib/src.zip!/jdk.jdeps" type="simple" />
            <root url="jar://C:/Program Files/Java/jdk-15.0.2/lib/src.zip!/jdk.jlink" type="simple" />
            <root url="jar://C:/Program Files/Java/jdk-15.0.2/lib/src.zip!/jdk.zipfs" type="simple" />
            <root url="jar://C:/Program Files/Java/jdk-15.0.2/lib/src.zip!/java.prefs" type="simple" />
            <root url="jar://C:/Program Files/Java/jdk-15.0.2/lib/src.zip!/jdk.attach" type="simple" />
            <root url="jar://C:/Program Files/Java/jdk-15.0.2/lib/src.zip!/jdk.jshell" type="simple" />
            <root url="jar://C:/Program Files/Java/jdk-15.0.2/lib/src.zip!/jdk.jstatd" type="simple" />
            <root url="jar://C:/Program Files/Java/jdk-15.0.2/lib/src.zip!/java.naming" type="simple" />
            <root url="jar://C:/Program Files/Java/jdk-15.0.2/lib/src.zip!/jdk.editpad" type="simple" />
            <root url="jar://C:/Program Files/Java/jdk-15.0.2/lib/src.zip!/jdk.jartool" type="simple" />
            <root url="jar://C:/Program Files/Java/jdk-15.0.2/lib/src.zip!/jdk.javadoc" type="simple" />
            <root url="jar://C:/Program Files/Java/jdk-15.0.2/lib/src.zip!/jdk.xml.dom" type="simple" />
            <root url="jar://C:/Program Files/Java/jdk-15.0.2/lib/src.zip!/java.desktop" type="simple" />
            <root url="jar://C:/Program Files/Java/jdk-15.0.2/lib/src.zip!/java.logging" type="simple" />
            <root url="jar://C:/Program Files/Java/jdk-15.0.2/lib/src.zip!/jdk.charsets" type="simple" />
            <root url="jar://C:/Program Files/Java/jdk-15.0.2/lib/src.zip!/jdk.compiler" type="simple" />
            <root url="jar://C:/Program Files/Java/jdk-15.0.2/lib/src.zip!/jdk.dynalink" type="simple" />
            <root url="jar://C:/Program Files/Java/jdk-15.0.2/lib/src.zip!/jdk.jconsole" type="simple" />
            <root url="jar://C:/Program Files/Java/jdk-15.0.2/lib/src.zip!/jdk.jsobject" type="simple" />
            <root url="jar://C:/Program Files/Java/jdk-15.0.2/lib/src.zip!/java.compiler" type="simple" />
            <root url="jar://C:/Program Files/Java/jdk-15.0.2/lib/src.zip!/java.net.http" type="simple" />
            <root url="jar://C:/Program Files/Java/jdk-15.0.2/lib/src.zip!/jdk.crypto.ec" type="simple" />
            <root url="jar://C:/Program Files/Java/jdk-15.0.2/lib/src.zip!/java.scripting" type="simple" />
            <root url="jar://C:/Program Files/Java/jdk-15.0.2/lib/src.zip!/jdk.httpserver" type="simple" />
            <root url="jar://C:/Program Files/Java/jdk-15.0.2/lib/src.zip!/jdk.jdwp.agent" type="simple" />
            <root url="jar://C:/Program Files/Java/jdk-15.0.2/lib/src.zip!/jdk.localedata" type="simple" />
            <root url="jar://C:/Program Files/Java/jdk-15.0.2/lib/src.zip!/jdk.management" type="simple" />
            <root url="jar://C:/Program Files/Java/jdk-15.0.2/lib/src.zip!/jdk.naming.dns" type="simple" />
            <root url="jar://C:/Program Files/Java/jdk-15.0.2/lib/src.zip!/jdk.naming.rmi" type="simple" />
            <root url="jar://C:/Program Files/Java/jdk-15.0.2/lib/src.zip!/java.instrument" type="simple" />
            <root url="jar://C:/Program Files/Java/jdk-15.0.2/lib/src.zip!/java.management" type="simple" />
            <root url="jar://C:/Program Files/Java/jdk-15.0.2/lib/src.zip!/java.sql.rowset" type="simple" />
            <root url="jar://C:/Program Files/Java/jdk-15.0.2/lib/src.zip!/java.xml.crypto" type="simple" />
            <root url="jar://C:/Program Files/Java/jdk-15.0.2/lib/src.zip!/jdk.internal.ed" type="simple" />
            <root url="jar://C:/Program Files/Java/jdk-15.0.2/lib/src.zip!/jdk.internal.le" type="simple" />
            <root url="jar://C:/Program Files/Java/jdk-15.0.2/lib/src.zip!/jdk.nio.mapmode" type="simple" />
            <root url="jar://C:/Program Files/Java/jdk-15.0.2/lib/src.zip!/jdk.unsupported" type="simple" />
            <root url="jar://C:/Program Files/Java/jdk-15.0.2/lib/src.zip!/java.smartcardio" type="simple" />
            <root url="jar://C:/Program Files/Java/jdk-15.0.2/lib/src.zip!/jdk.internal.opt" type="simple" />
            <root url="jar://C:/Program Files/Java/jdk-15.0.2/lib/src.zip!/java.datatransfer" type="simple" />
            <root url="jar://C:/Program Files/Java/jdk-15.0.2/lib/src.zip!/jdk.accessibility" type="simple" />
            <root url="jar://C:/Program Files/Java/jdk-15.0.2/lib/src.zip!/jdk.crypto.mscapi" type="simple" />
            <root url="jar://C:/Program Files/Java/jdk-15.0.2/lib/src.zip!/jdk.hotspot.agent" type="simple" />
            <root url="jar://C:/Program Files/Java/jdk-15.0.2/lib/src.zip!/jdk.security.auth" type="simple" />
            <root url="jar://C:/Program Files/Java/jdk-15.0.2/lib/src.zip!/jdk.security.jgss" type="simple" />
            <root url="jar://C:/Program Files/Java/jdk-15.0.2/lib/src.zip!/java.security.jgss" type="simple" />
            <root url="jar://C:/Program Files/Java/jdk-15.0.2/lib/src.zip!/java.security.sasl" type="simple" />
            <root url="jar://C:/Program Files/Java/jdk-15.0.2/lib/src.zip!/jdk.internal.vm.ci" type="simple" />
            <root url="jar://C:/Program Files/Java/jdk-15.0.2/lib/src.zip!/jdk.management.jfr" type="simple" />
            <root url="jar://C:/Program Files/Java/jdk-15.0.2/lib/src.zip!/java.management.rmi" type="simple" />
            <root url="jar://C:/Program Files/Java/jdk-15.0.2/lib/src.zip!/java.transaction.xa" type="simple" />
            <root url="jar://C:/Program Files/Java/jdk-15.0.2/lib/src.zip!/jdk.crypto.cryptoki" type="simple" />
            <root url="jar://C:/Program Files/Java/jdk-15.0.2/lib/src.zip!/jdk.internal.jvmstat" type="simple" />
            <root url="jar://C:/Program Files/Java/jdk-15.0.2/lib/src.zip!/jdk.management.agent" type="simple" />
            <root url="jar://C:/Program Files/Java/jdk-15.0.2/lib/src.zip!/jdk.incubator.foreign" type="simple" />
            <root url="jar://C:/Program Files/Java/jdk-15.0.2/lib/src.zip!/jdk.incubator.jpackage" type="simple" />
            <root url="jar://C:/Program Files/Java/jdk-15.0.2/lib/src.zip!/jdk.unsupported.desktop" type="simple" />
            <root url="jar://C:/Program Files/Java/jdk-15.0.2/lib/src.zip!/jdk.internal.vm.compiler" type="simple" />
            <root url="jar://C:/Program Files/Java/jdk-15.0.2/lib/src.zip!/jdk.internal.vm.compiler.management" type="simple" />
          </root>
        </sourcePath>
      </roots>
      <additional />
    </jdk>
  </component>
</application>