<application>
  <component name="FileTypeManager" version="17">
    <extensionMap>
      <removed_mapping pattern=".env" approved="true" type=".env file" />
      <mapping pattern="MDN_bind" type="ECMAScript 6" />
      <mapping pattern="script_1" type="JavaScript" />
      <mapping pattern="0" type="Native" />
      <mapping pattern=".editoricons" type="Native" />
      <mapping pattern="DvXk4d9i3RPgNByiWE1Cpu3KXSf9Vi8e" type="PLAIN_TEXT" />
      <mapping ext="zz" type="PLAIN_TEXT" />
      <mapping ext="xmlz" type="PLAIN_TEXT" />
      <mapping ext="tjs" type="TypeScript" />
      <removed_mapping pattern=".env" approved="true" type=".env file" />
    </extensionMap>
  </component>
</application>