{
  "extends": [
    "tslint:latest",
    "rxjs-tslint-rules",
    "tslint-config-prettier"
  ],
  "rules": {
    "max-line-length": { "options": [100] },
    "curly": [true, "ignore-same-line"],
    "trailing-comma": [true, {
      "multiline": {
        "objects": "always",
        "arrays": "always",
        "functions": "never",
        "typeLiterals": "ignore"
      }
    }],
    "max-classes-per-file": false,
    "no-submodule-imports": false,
    "no-shadowed-variable": false,
    "no-unused-variable": false,
    "no-var-requires": false,
    "no-implicit-dependencies": [true, "dev"],
    "object-literal-sort-keys": false,
    "no-object-literal-type-assertion": false,
    "no-use-before-declare": true,
    "strictPropertyInitialization": false,
    "interface-name": false,
    "rxjs-add": false,
    "rxjs-no-add": true,
    "rxjs-no-wholesale": false,
    "rxjs-no-patched": false,
    "no-console": [true, "log", "info", "warn", "error", "trace", "time", "timeEnd", "assert", "count", "dir", "table"]
  }
}
