<application>
  <component name="FileTypeManager" version="17">
    <extensionMap>
      <mapping pattern="script_1" type="JavaScript" />
      <mapping pattern=".editoricons" type="Native" />
      <mapping pattern="cp_rm_mv" type="PLAIN_TEXT" />
      <mapping pattern="fqe" type="PLAIN_TEXT" />
      <mapping pattern="fds" type="PLAIN_TEXT" />
      <mapping pattern="ваым" type="PLAIN_TEXT" />
      <mapping pattern="eeee" type="PLAIN_TEXT" />
      <mapping pattern="LICENSE" type="PLAIN_TEXT" />
      <mapping pattern="csda" type="PLAIN_TEXT" />
      <mapping pattern="a" type="PLAIN_TEXT" />
      <mapping pattern="DvXk4d9i3RPgNByiWE1Cpu3KXSf9Vi8e" type="PLAIN_TEXT" />
      <mapping pattern="hiuh" type="PLAIN_TEXT" />
      <mapping pattern="1" type="PLAIN_TEXT" />
      <mapping pattern="0" type="PLAIN_TEXT" />
      <mapping pattern="function" type="PLAIN_TEXT" />
      <mapping pattern="ferwf" type="PLAIN_TEXT" />
      <mapping pattern="Test" type="PLAIN_TEXT" />
      <mapping pattern="dwqe" type="PLAIN_TEXT" />
      <mapping pattern="gwgertg" type="PLAIN_TEXT" />
      <mapping pattern="илори" type="PLAIN_TEXT" />
      <mapping ext="zz" type="PLAIN_TEXT" />
      <mapping ext="dist" type="PLAIN_TEXT" />
      <mapping ext="xmlz" type="PLAIN_TEXT" />
      <mapping ext="hf" type="PLAIN_TEXT" />
      <mapping ext="hd" type="PLAIN_TEXT" />
      <mapping ext="fordelete" type="PLAIN_TEXT" />
      <mapping ext="2__md" type="PLAIN_TEXT" />
      <mapping ext="tjs" type="TypeScript" />
      <removed_mapping pattern=".env" approved="true" type=".env file" />
    </extensionMap>
  </component>
</application>