<application>
  <component name="GeneralSettings">
    <option name="browserPath" value="C:\Program Files (x86)\Google\Chrome\Application\chrome.exe" />
    <option name="showTipsOnStartup" value="false" />
  </component>
  <component name="Registry">
    <entry key="ide.balloon.shadow.size" value="0" />
    <entry key="ide.tree.ui.experimental" value="false" />
    <entry key="documentation.show.toolbar" value="true" />
    <entry key="debugger.watches.in.variables" value="false" />
  </component>
</application>